SNPs	Chromosomal Location
rs10011540	4:140568842-140568842
rs1001179	11:34438684-34438684
rs10033900	4:109737911-109737911
rs1004446	11:2148913-2148913
rs10052957	5:143407136-143407136
rs10246939	7:141972804-141972804
rs1032128	8:118939534-118939534
rs10410448	19:45322222-45322222
rs1041740	21:31667849-31667849
rs10424065	19:3545024-3545024
rs1042571	2:25161018-25161018
rs1042711	5:148826785-148826785
rs1042713	5:148826877-148826877
rs1042714	5:148826910-148826910
rs1045485	2:201284866-201284866
rs1045642	7:87509329-87509329
rs10482633	5:143370968-143370968
rs10482682	5:143299832-143299832
rs1048709	6:31947158-31947158
rs10488698	11:116763231-116763231
rs104893655	2:113244494-113244494
rs104893656	2:113246826-113246826
rs104893657	2:113246853-113246853
rs104893658	2:113246760-113246760
rs104893659	2:113246775-113246775
rs104893660	2:113246785-113246785
rs1049305	7:30924207-30924207
rs1049432	10:58395360-58395360
rs1049434	1:112913924-112913924
rs1050450	3:49357401-49357401
rs1051168	15:84657289-84657289
rs1051338	10:89247603-89247603
rs10515522	5:143378829-143378829
rs1051931	6:46705206-46705206
rs1052133	3:9757089-9757089
rs1053049	6:35427841-35427841
rs1058240	10:8074635-8074635
rs1061494	9:115084301-115084301
rs1061495	9:115042265-115042265
rs10735810	12:47879112-47879112
rs10757274	9:22096056-22096056
rs10757278	9:22124478-22124478
rs10759931	9:117701869-117701869
rs10766197	11:14900334-14900334
rs10789322	1:71713245-71713245
rs10811661	9:22134095-22134095
rs10830253	11:89294875-89294875
rs10830963	11:92975544-92975544
rs10838738	11:47641497-47641497
rs10849915	12:110895818-110895818
rs10873142	14:61736744-61736744
rs10876864	12:56007301-56007301
rs10889677	1:67259437-67259437
rs10913469	1:177944384-177944384
rs10938397	4:45180510-45180510
rs10947600	6:36301826-36301826
rs11065756	12:110900990-110900990
rs11066001	12:111681367-111681367
rs11066782	12:109472747-109472747
rs11067233	12:109556403-109556403
rs1107179	15:84655131-84655131
rs11091046	X:116173873-116173873
rs11099695	4:148432987-148432987
rs11196205	10:113047288-113047288
rs1120638	Y:3649707-3649707
rs1122608	19:11052925-11052925
rs11235972	11:74006029-74006029
rs11254363	10:17088694-17088694
rs1129038	15:28111713-28111713
rs1130233	14:104773557-104773557
rs1133190	19:45315577-45315577
rs1133323	15:74919884-74919884
rs1134170	9:134843428-134843428
rs1135216	6:32847198-32847198
rs1137101	1:65592830-65592830
rs1138545	9:115073620-115073620
rs1143623	2:112838252-112838252
rs1143627	2:112836810-112836810
rs11466112	1:115286135-115286135
rs11549465	14:61740839-61740839
rs11549467	14:61740857-61740857
rs11573828	8:118947574-118947574
rs11573849	8:118944139-118944139
rs1159268	1:218671564-218671564
rs11613718	12:109474527-109474527
rs11643718	16:56899607-56899607
rs11645428	16:81225291-81225291
rs11676382	2:85550510-85550510
rs11681628	2:190059361-190059361
rs1169288	12:120978847-120978847
rs1169310	12:121001630-121001630
rs11740584	5:132711097-132711097
rs11807	1:109718120-109718120
rs11833579	12:666033-666033
rs11855019	15:28090674-28090674
rs11868035	17:17811787-17811787
rs11872992	18:60373354-60373354
rs11879293	19:10961934-10961934
rs11915160	3:181713783-181713783
rs11977526	7:45968511-45968511
rs12033832	1:18839800-18839800
rs12041331	1:156899922-156899922
rs1205	1:159712443-159712443
rs12150220	17:5582047-5582047
rs121917719	2:113246802-113246802
rs121917832	12:12718066-12718066
rs121918653	12:88545774-88545774
rs12199580	6:36302353-36302353
rs12203592	6:396321-396321
rs12255372	10:113049143-113049143
rs12374310	4:23852526-23852526
rs12411886	10:102925542-102925542
rs12502572	4:140563980-140563980
rs1250259	2:215435759-215435759
rs12566888	1:156899255-156899255
rs1260326	2:27508073-27508073
rs1260333	2:27525757-27525757
rs12613	21:43053581-43053581
rs1264459	6:30488143-30488143
rs12650562	4:23799564-23799564
rs12678919	8:19986711-19986711
rs12722	9:134842570-134842570
rs12740031	1:71756804-71756804
rs12821256	12:88934558-88934558
rs12913832	15:28120472-28120472
rs12938	1:169691640-169691640
rs13113	2:201287439-201287439
rs13113110	4:23866000-23866000
rs13181	19:45351661-45351661
rs13207351	6:43770057-43770057
rs13266634	8:117172544-117172544
rs1333040	9:22083405-22083405
rs1335510	9:21757804-21757804
rs1345365	7:37161008-37161008
rs13702	8:19966981-19966981
rs137853162	17:40077520-40077520
rs1378942	15:74785026-74785026
rs13900	17:34256892-34256892
rs13910	15:34853304-34853304
rs13915	17:15720506-15720506
rs13946	9:134842386-134842386
rs14010	5:73503020-73503020
rs1402064	14:72336251-72336251
rs1408944	10:79248726-79248726
rs1417210	10:71376162-71376162
rs1421085	16:53767042-53767042
rs1426654	15:48134287-48134287
rs143383	20:35438203-35438203
rs144526209	3:186854564-186854564
rs1464510	3:188394766-188394766
rs1485286	8:118938429-118938429
rs1501299	3:186853334-186853334
rs1516797	15:88867083-88867083
rs1535045	20:46119460-46119460
rs1544410	12:47846052-47846052
rs1553005	11:14972944-14972944
rs1555452572	15:48134915-48134915
rs1564861	8:118953670-118953670
rs156697	10:104279427-104279427
rs1570360	6:43770093-43770093
rs1571858	1:109737292-109737292
rs1572312	1:60952057-60952057
rs15763	11:74000432-74000432
rs158676	20:33386589-33386589
rs16139	7:24285260-24285260
rs16147	7:24283791-24283791
rs1617640	7:100719675-100719675
rs16187	7:24249911-24249911
rs1639	7:95414538-95414538
rs16399	9:134843387-134843395
rs1643649	5:80643630-80643630
rs1676303	14:76525821-76525821
rs16891982	5:33951588-33951588
rs16892496	8:109097622-109097622
rs1695	11:67585218-67585218
rs1701704	12:56018703-56018703
rs17080528	3:49352409-49352409
rs17110586	5:149825289-149825289
rs171140	19:45361744-45361744
rs17117533	15:23781462-23781462
rs17149106	7:24283588-24283588
rs17249754	12:89666809-89666809
rs1726745	11:74002397-74002397
rs17300539	3:186841671-186841671
rs17319721	4:76447694-76447694
rs17321515	8:125474167-125474167
rs1736936	6:29826540-29826540
rs17449032	2:215371989-215371989
rs174544	11:61800281-61800281
rs174547	11:61803311-61803311
rs174553	11:61807686-61807686
rs174556	11:61813163-61813163
rs174561	11:61815236-61815236
rs1746048	10:44280376-44280376
rs17465637	1:222650187-222650187
rs17561	2:112779646-112779646
rs17563	14:53950804-53950804
rs17581162	1:192128236-192128236
rs17587	6:32857313-32857313
rs17598561	15:84655375-84655375
rs17602729	1:114693436-114693436
rs1761667	7:80615623-80615623
rs17646069	13:42229127-42229127
rs17728338	5:151098757-151098757
rs17782313	18:60183864-60183864
rs17810564	13:78378213-78378213
rs17880135	21:31669690-31669690
rs1793958	12:47998650-47998650
rs1799752	17:63488530-63488530
rs1799793	19:45364001-45364001
rs179982	6:16352907-16352907
rs1799853	10:94942290-94942290
rs1799945	6:26090951-26090951
rs1799983	7:150999023-150999023
rs1799987	3:46370444-46370444
rs1799998	8:142918184-142918184
rs1800012	17:50200388-50200388
rs1800206	22:46218377-46218377
rs1800255	2:188999354-188999354
rs1800401	15:28014907-28014907
rs1800407	15:27985172-27985172
rs1800469	19:41354391-41354391
rs1800471	19:41352971-41352971
rs1800562	6:26092913-26092913
rs1800566	16:69711242-69711242
rs1800571	3:12381349-12381349
rs1800624	6:32184610-32184610
rs1800625	6:32184665-32184665
rs1800629	6:31575254-31575254
rs1800777	16:56983407-56983407
rs1800787	4:154562863-154562863
rs1800788	4:154562762-154562762
rs1800789	4:154561591-154561591
rs1800790	4:154562556-154562556
rs1800791	4:154562157-154562157
rs1800795	7:22727026-22727026
rs1800797	7:22726602-22726602
rs1800849	11:74009120-74009120
rs1800871	1:206773289-206773289
rs1800872	1:206773062-206773062
rs1800896	1:206773552-206773552
rs1801131	1:11794419-11794419
rs1801133	1:11796321-11796321
rs1801181	21:43060506-43060506
rs1801182	7:94398387-94398387
rs1801184	2:188999856-188999856
rs1801222	10:17114152-17114152
rs1801252	10:114044277-114044277
rs1801278	2:226795828-226795828
rs1801282	3:12351626-12351626
rs1805005	16:89919436-89919436
rs1805006	16:89919510-89919510
rs1805007	16:89919709-89919709
rs1805008	16:89919736-89919736
rs1805009	16:89920138-89920138
rs1805017	6:46716485-46716485
rs1805087	1:236885200-236885200
rs1805672	12:9010581-9010581
rs1808593	7:151011214-151011214
rs180870	13:42219343-42219343
rs1815739	11:66560624-66560624
rs182052	3:186842993-186842993
rs184003	6:32182519-32182519
rs1883832	20:46118343-46118343
rs1888747	9:83540636-83540636
rs1893047	11:69811704-69811704
rs1905786	8:118939453-118939453
rs1927911	9:117707776-117707776
rs1927914	9:117702447-117702447
rs1937	10:58385582-58385582
rs1956197	14:59010696-59010696
rs1978124	X:15599940-15599940
rs1980499	20:6765851-6765851
rs1984112	7:80613604-80613604
rs2000813	18:49567494-49567494
rs2009196	17:78874499-78874499
rs2010963	6:43770613-43770613
rs201153092	21:45998130-45998130
rs2016520	6:35411001-35411001
rs202223831	1:161223356-161223356
rs202446	21:31656328-31656328
rs2042287	19:54502872-54502872
rs2048683	X:15590376-15590376
rs2051582	22:37162316-37162316
rs2055858	15:45022070-45022070
rs2069827	7:22725837-22725837
rs2069837	7:22728408-22728408
rs2069840	7:22728953-22728953
rs2069861	7:22732035-22732035
rs2070424	21:31667007-31667007
rs2070584	X:47587120-47587120
rs2070600	6:32183666-32183666
rs2070666	11:116830958-116830958
rs2070668	11:116830437-116830437
rs2070744	7:150992991-150992991
rs2070950	4:148437220-148437220
rs2071464	6:32841299-32841299
rs2071746	22:35380679-35380679
rs2074192	X:15564667-15564667
rs2075290	11:116782580-116782580
rs2075294	11:116787406-116787406
rs2097055	18:49569117-49569117
rs2104772	9:115046506-115046506
rs2107538	17:35880776-35880776
rs2107595	7:19009765-19009765
rs2108622	19:15879621-15879621
rs2111833	22:37084757-37084757
rs2144300	1:230159169-230159169
rs2164624	10:104253687-104253687
rs2167270	7:128241296-128241296
rs2227389	4:154562018-154562018
rs2228478	16:89920200-89920200
rs2228479	16:89919532-89919532
rs2230501	14:61457523-61457523
rs2230722	9:5050706-5050706
rs2232365	X:49259429-49259429
rs2234693	6:151842200-151842200
rs2237892	11:2818521-2818521
rs2241201	12:109554327-109554327
rs2241766	3:186853103-186853103
rs2243250	5:132673462-132673462
rs225014	14:80203237-80203237
rs2254514	4:141719385-141719385
rs2267668	6:35410145-35410145
rs2268388	12:109205840-109205840
rs2269383	22:50574346-50574346
rs2273073	20:6770235-6770235
rs2275913	6:52186235-52186235
rs2275950	1:26058512-26058512
rs2276109	11:102875061-102875061
rs2277974	19:54508187-54508187
rs2282679	4:71742666-71742666
rs2287828	19:54502908-54502908
rs2296135	10:5952731-5952731
rs2297508	17:17812003-17812003
rs2299007	5:132707340-132707340
rs2303790	16:56983380-56983380
rs2306604	10:58388932-58388932
rs233575	X:15564843-15564843
rs2336573	19:8302825-8302825
rs2346061	18:74533297-74533297
rs234706	21:43065240-43065240
rs23576	2:7959792-7959792
rs235768	20:6778468-6778468
rs240736	6:75138465-75138465
rs2422021	1:71664478-71664478
rs2464196	12:120997624-120997624
rs2476601	1:113834946-113834946
rs251466	5:149816040-149816040
rs25487	19:43551574-43551574
rs25648	6:43771240-43771240
rs2568958	1:72299433-72299433
rs2569190	5:140633331-140633331
rs2586494	17:50195794-50195794
rs2635727	6:50853227-50853227
rs266729	3:186841685-186841685
rs2670660	17:5615686-5615686
rs2733832	9:12704725-12704725
rs2735940	5:1296371-1296371
rs2736098	5:1293971-1293971
rs2761884	14:53954334-53954334
rs2787094	20:3668514-3668514
rs2816316	1:192567683-192567683
rs2817399	6:50836808-50836808
rs2817419	6:50845193-50845193
rs2853533	18:658064-658064
rs2854117	11:116829426-116829426
rs2854744	7:45921476-45921476
rs2857261	4:141719484-141719484
rs2963156	5:143378931-143378931
rs2970847	4:23814301-23814301
rs29941	19:33818627-33818627
rs3024491	1:206771701-206771701
rs3024496	1:206768519-206768519
rs3024974	12:57098962-57098962
rs3025036	6:43783932-43783932
rs3025039	6:43784799-43784799
rs307355	1:1329774-1329774
rs3134056	8:118939973-118939973
rs3134058	8:118941869-118941869
rs3134069	8:118952749-118952749
rs3134883	10:6058762-6058762
rs3135506	11:116791691-116791691
rs3136166	16:13938236-13938236
rs3136617	10:5960405-5960405
rs320	8:19961566-19961566
rs3211938	7:80671133-80671133
rs3212172	20:44399750-44399750
rs3213445	22:50577409-50577409
rs3219489	1:45331833-45331833
rs33389	5:143320934-143320934
rs33932559	16:89919617-89919617
rs33980500	6:111592059-111592059
rs34005929	14:61740835-61740835
rs344816	19:45322368-45322368
rs35652124	2:177265345-177265345
rs35753085	5:96433138-96433138
rs35856562	1:186182258-186182258
rs361525	6:31575324-31575324
rs3729548	1:42934681-42934681
rs3730009	7:151010029-151010029
rs3736265	4:23813084-23813084
rs3737965	1:11806394-11806394
rs3739722	9:101573400-101573400
rs3739998	10:30027143-30027143
rs3741211	11:2147880-2147880
rs3745902	19:54866553-54866553
rs3751812	16:53784548-53784548
rs3755863	4:23813899-23813899
rs3759890	15:45022396-45022396
rs3760776	19:5839735-5839735
rs3761548	X:49261784-49261784
rs3768029	1:42933316-42933316
rs3781907	11:74005424-74005424
rs3782889	12:110912851-110912851
rs3791783	2:190059437-190059437
rs3792267	2:240591757-240591757
rs3793784	10:49539493-49539493
rs379568	10:8083856-8083856
rs38055	5:53264814-53264814
rs3809508	15:84655660-84655660
rs3811787	4:140569265-140569265
rs3812316	7:73606007-73606007
rs3813627	1:161225358-161225358
rs3814309	1:109734781-109734781
rs3818569	1:165419892-165419892
rs3825932	15:78943104-78943104
rs3834129	2:201232808-201232814
rs3834458	11:61827448-61827449
rs386572987	6:38682852-38682852
rs39059	7:29215854-29215854
rs3917887	17:34255979-34255993
rs3918186	7:151005344-151005344
rs3918358	3:46352928-46352928
rs401681	5:1321972-1321972
rs4073	4:73740307-73740307
rs4128428	5:143382248-143382248
rs4142110	13:42180386-42180386
rs41423247	5:143399010-143399010
rs41483644	7:151013116-151013116
rs41492849	14:61740787-61740787
rs41508050	14:61738090-61738090
rs4240157	X:15568841-15568841
rs42517	7:94407722-94407722
rs42524	7:94413927-94413927
rs4293	17:63478305-63478305
rs429358	19:44908684-44908684
rs432979	19:45318433-45318433
rs4343	17:63488670-63488670
rs4366464	11:2143569-2143569
rs4402960	3:185793899-185793899
rs4420638	19:44919689-44919689
rs4436578	11:113436043-113436043
rs4452416	4:23862250-23862250
rs4520	11:116830819-116830819
rs45430	21:41374154-41374154
rs45450798	18:12792941-12792941
rs4586	17:34256250-34256250
rs4588	4:71752606-71752606
rs4635799	4:148429375-148429375
rs4641	1:156137743-156137743
rs464218	1:109313684-109313684
rs4645948	8:127736252-127736252
rs4646156	X:15578920-15578920
rs4646188	X:15583220-15583220
rs4654748	1:21459575-21459575
rs4673	16:88646828-88646828
rs4680	22:19963748-19963748
rs4697425	4:23861590-23861590
rs470117	22:50571524-50571524
rs4713951	6:36295214-36295214
rs478304	11:65726789-65726789
rs4810485	20:46119308-46119308
rs483353013	12:57175646-57175646
rs4846914	1:230159944-230159944
rs4880	6:159692840-159692840
rs4884	19:45306777-45306777
rs489693	18:60215554-60215554
rs4917	3:186619924-186619924
rs4919510	10:100975021-100975021
rs4923461	11:27635363-27635363
rs493258	15:58395681-58395681
rs4961	4:2904980-2904980
rs4994	8:37966280-37966280
rs4997052	6:31356367-31356367
rs5015480	10:92705802-92705802
rs5050	1:230714140-230714140
rs505058	1:156136394-156136394
rs505922	9:133273813-133273813
rs5072	11:116836867-116836867
rs5082	1:161223893-161223893
rs5104	11:116821618-116821618
rs5128	11:116832924-116832924
rs5186	3:148742201-148742201
rs5219	11:17388025-17388025
rs522616	11:102844317-102844317
rs531564	8:9903189-9903189
rs534807	1:156136137-156136137
rs538089	1:156135237-156135237
rs5435	17:7283804-7283804
rs5443	12:6845711-6845711
rs5498	19:10285007-10285007
rs5574	7:24289514-24289514
rs56209061	12:109467880-109467880
rs564398	9:22029548-22029548
rs565470	13:110186299-110186299
rs56802430	19:54366807-54366807
rs571312	18:60172536-60172536
rs5742632	12:102462696-102462696
rs5742905	21:43063074-43063074
rs584007	19:44913221-44913221
rs5902434	X:49264511-49264513
rs591540	1:71866132-71866132
rs5925	19:11120205-11120205
rs5931572	X:139154355-139154355
rs5974804	X:139188187-139188187
rs599839	1:109279544-109279544
rs601338	19:48703417-48703417
rs605143	13:110196387-110196387
rs610604	6:137878280-137878280
rs6152	X:67545785-67545785
rs6189	5:143400774-143400774
rs6214	12:102399791-102399791
rs6230	5:96433143-96433143
rs6232	5:96416081-96416081
rs6234	5:96393270-96393270
rs6313	13:46895805-46895805
rs638893	11:118827828-118827828
rs6413453	1:161222526-161222526
rs6420424	16:81208497-81208497
rs642742	12:88905969-88905969
rs6441961	3:46310893-46310893
rs6446482	4:6293966-6293966
rs646840	1:156135818-156135818
rs6497268	15:28093567-28093567
rs6502867	17:5517008-5517008
rs6507931	18:49586638-49586638
rs651821	11:116791863-116791863
rs6520015	22:46067551-46067551
rs652438	11:102865911-102865911
rs653178	12:111569952-111569952
rs653529	11:73991026-73991026
rs6536991	4:140560427-140560427
rs6548238	2:634905-634905
rs6552828	4:184804262-184804262
rs6564851	16:81230992-81230992
rs657152	9:133263862-133263862
rs6574293	14:76404257-76404257
rs659366	11:73983709-73983709
rs660339	11:73978059-73978059
rs662	7:95308134-95308134
rs662799	11:116792991-116792991
rs6659202	1:71841737-71841737
rs6698443	1:17332069-17332069
rs670	11:116837697-116837697
rs671	12:111803962-111803962
rs6721961	2:177265309-177265309
rs680	11:2132404-2132404
rs6810951	4:148162961-148162961
rs6821591	4:23795377-23795377
rs6922269	6:150931849-150931849
rs693	2:21009323-21009323
rs699	1:230710048-230710048
rs708272	16:56962376-56962376
rs7118999	11:116774559-116774559
rs713041	19:1106616-1106616
rs7138803	12:49853685-49853685
rs7144481	14:81144598-81144598
rs71746744	9:134843172-134843172
rs7191721	16:7575790-7575790
rs7194	6:32444703-32444703
rs725522	5:96432826-96432826
rs7260359	19:45311650-45311650
rs7260463	19:45311602-45311602
rs7294	16:31091000-31091000
rs730882156	12:88545783-88545783
rs730882157	12:88545781-88545781
rs731236	12:47844974-47844974
rs7339	1:156139185-156139185
rs738409	22:43928847-43928847
rs739401	11:3015094-3015094
rs7412	19:44908822-44908822
rs743507	7:151010400-151010400
rs7483	1:109737079-109737079
rs749174	11:67585782-67585782
rs7495174	15:28099092-28099092
rs7498665	16:28871920-28871920
rs7553796	1:154431930-154431930
rs7561317	2:644953-644953
rs7566605	2:118078449-118078449
rs7570532	2:190058686-190058686
rs7577	18:74521112-74521112
rs759853	7:134459206-134459206
rs763780	6:52236941-52236941
rs7639705	3:183309754-183309754
rs7647305	3:186116501-186116501
rs765547	8:20008763-20008763
rs768539	3:46350774-46350774
rs772398324	15:48136732-48136733
rs77325852	7:151013712-151013712
rs7754840	6:20661019-20661019
rs7770619	6:35382265-35382265
rs777676129	20:54172928-54172931
rs7799039	7:128238730-128238730
rs780094	2:27518370-27518370
rs7832552	8:109103447-109103447
rs7896005	10:67891367-67891367
rs7903146	10:112998590-112998590
rs7932320	11:69810743-69810743
rs794356	7:75567227-75567227
rs7975232	12:47845054-47845054
rs800292	1:196673103-196673103
rs80356803	1:156114791-156114791
rs8050136	16:53782363-53782363
rs8087522	18:60373245-60373245
rs8192678	4:23814039-23814039
rs833061	6:43769749-43769749
rs833068	6:43774790-43774790
rs841847	1:42937037-42937037
rs841853	1:42935767-42935767
rs842644	2:60894357-60894357
rs854560	7:95316772-95316772
rs867225	7:151010855-151010855
rs868014	1:11789390-11789390
rs870406	5:151021040-151021040
rs879922	X:15572684-15572684
rs884736	1:6955045-6955045
rs885479	16:89919746-89919746
rs886037642	15:48134964-48134964
rs886037643	15:48136683-48136683
rs886037644	15:48142203-48142203
rs891512	7:151011001-151011001
rs900379	5:44369554-44369554
rs915654	6:31570720-31570720
rs917997	2:102454108-102454108
rs9258170	6:29721813-29721813
rs925946	11:27645655-27645655
rs9324918	5:143387595-143387595
rs9325071	5:148117775-148117775
rs9380559	6:36239821-36239821
rs9426	19:8302274-8302274
rs9493857	6:134209559-134209559
rs954299	1:71655902-71655902
rs9621532	22:32688525-32688525
rs968567	11:61828092-61828092
rs970547	6:75087586-75087586
rs9740	3:122286206-122286206
rs9811792	3:159979210-159979210
rs9851967	3:188369840-188369840
rs9939609	16:53786615-53786615
rs99780	11:61829161-61829161
rs1024611	17:34252769-34252769
rs429358	19:44908684-44908684
rs9621532	22:32688525-32688525
rs322458	3:120866468-120866468
rs1229984	4:99318162-99318162
rs16891982	5:33951588-33951588
rs1042714	5:148826910-148826910
rs1800629	6:31575254-31575254
rs1135216	6:32847198-32847198
rs2016520	6:35411001-35411001
rs16874954	6:46709361-46709361
rs2856728	7:74056452-74056452
rs4496877	7:150983418-150983418
rs12143842	1:162064100-162064100
rs4143094	10:8047173-8047173
rs762551	15:74749576-74749576
rs2075554	17:50196948-50196948
rs7412	19:44908822-44908822
rs601338	19:48703417-48703417
rs855791	22:37066896-37066896
rs1042713	5:148826877-148826877
rs2071307	7:74056384-74056384
rs397514751	11:47332095-47332095
rs193922384	11:47332127-47332127
rs886041031	11:47332223-47332227
rs397514444	11:47332267-47332292
rs397516020	11:47332813-47332813
rs121909378	11:47332931-47332931
rs373746463	11:47333189-47333189
rs387906397	11:47333192-47333192
rs121909377	11:47333238-47333238
rs397515990	11:47335081-47335083
rs121909376	11:47335104-47335104
rs387907267	11:47335120-47335120
rs371401403	11:47335996-47335996
rs397515973	11:47337455-47337460
rs199865688	11:47337496-47337496
rs2856655	11:47337534-47337534
rs397515963	11:47337730-47337730
rs886041030	11:47337820-47337820
rs112738974	11:47338519-47338519
rs727503190	11:47338594-47338594
rs397515937	11:47339792-47339792
rs121909374	11:47342578-47342578
rs397514752	11:47342733-47342733
rs200625851	11:47342734-47342734
rs587776699	11:47343281-47343281
rs397516080	11:47346639-47346641
rs587776700	11:47347030-47347030
rs397516077	11:47347852-47347852
rs121909375	11:47351356-47351356
